RewriteEngine onRedirect 301 /2014/01/19/design-patterns-php-factories.html /design-patterns/programming/php/coding/development/2014/01/19/design-patterns-php-factories.htmlRedirect 301 /2014/01/27/design-patterns-php-singletons.html /design-patterns/programming/php/development/2014/01/27/design-patterns-php-singletons.htmlRedirect 301 /2015/01/25/design-patterns-in-php-adapters.html /php/programming/design/patterns/coding/2015/01/25/design-patterns-in-php-adapters.htmlRedirect 301 /2014/01/06/dependency-injection-php.html /dependency-injection/design-patterns/programming/php/development/2014/01/06/dependency-injection-php.htmlRedirect 301 /2015/03/05/getting-started-with-magento-and-docker.html /docker/magento/programming/devops/2015/03/05/getting-started-with-magento-and-docker.htmlRedirect 301 /2014/02/17/magento-hhvm.html /magento/programming/hhvm/performance/development/2014/02/17/magento-hhvm.htmlRedirect 301 /2013/07/24/introduction-hhvm.html /hhvm/programming/development/vagrant/2013/07/24/introduction-hhvm.htmlRedirect 301 /2014/04/18/flexible-php-development-phpfarm.html /php/programming/devops/2014/04/18/flexible-php-development-phpfarm.htmlRedirect 301 /2015/07/09/on-encrypting-magento-extensions.html /programming/magento/magento-connect/ethics/coding/2015/07/09/on-encrypting-magento-extensions.html